{
    "kitti": {
        "mean_angles": [-7.4784e-05, 7.6232e-4, 2.3791e-05],
        "std_angles": [3.2039e-3, 1.8286e-2, 2.82436e-3],
        "mean_t": [-1.2360e-4, -1.7259e-2, 9.2195e-1],
        "std_t": [2.6389e-2, 1.8768e-2, 2.9764e-1],
        "mean_rgb": [0.3502815,  0.36698646, 0.35645297],
        "std_rgb": [0.31755008, 0.31923078, 0.3199614 ]
    },

    "7scenes": {
        "mean_angles": [-4.0349e-4, -5.2855e-4, 9.1555e-05],
        "std_angles": [7.9104e-3, 9.7632e-3, 6.1809e-3],
        "mean_t": [9.0669e-4, -4.8565e-4, 1.2552e-3],
        "std_t": [8.0486e-3, 5.8012e-3, 6.8909e-3],
        "mean_rgb": [0.504, 0.444, 0.439], 
        "std_rgb": [0.231, 0.243, 0.227]
    },

    "vbr_slam": {
        "mean_angles": [9.0949e-06, -8.7260e-06, 1.2935e-3],
        "std_angles": [1.2911e-3, 2.9095e-3, 8.8872e-3],
        "mean_t": [0.2392, -4.6687e-3, -1.7502e-3],
        "std_t": [7.9291e-2, 1.2939e-2, 6.7825e-3],
        "mean_rgb": [0.41313034, 0.41549483, 0.41407572],
        "std_rgb": [0.23927003, 0.24215071, 0.23554534]
    },

    "euroc": {
        "mean_angles": [9.8792e-4, 3.1603e-4, -3.0319e-4],
        "std_angles": [1.6113e-2, 1.4176e-2, 1.0812e-2],
        "mean_t": [3.0872e-3, -4.3300e-3, 6.6757e-3],
        "std_t": [1.6152e-2, 3.1054e-2, 2.7170e-2]
    }
}